{
  "screenshot_path": "screenshots\\screenshot_1748002246.png",
  "timestamp": 1748002246.6163728,
  "screen_size": [
    1920,
    1080
  ],
  "analysis_duration": 0.18414735794067383,
  "elements": []
}